_dbt_source_relation,operator,country,currency,offer_type,source_url,scraped_at,offer_name,price_local,data_volume_gb,speed_mbps,validity_days,install_fee,equipment_fee,calls_fixed,calls_mobile_mn,is_unlimited,media_type,ls_subtype,ussd_code,install_fee_kmf,equipment_fee_kmf,country_name,country_code,gdp_per_capita_usd,gdp_per_capita_usd_year,population,population_year,gni_per_capita_usd,gni_per_capita_usd_year,literacy_rate_pct,literacy_rate_pct_year,internet_penetration_pct,internet_penetration_pct_year,mobile_subs_per_100,mobile_subs_per_100_year,estimated_monthly_income_usd,price_eur,estimated_monthly_income_eur,media_type_clean,offer_type_clean,cost_per_gb_eur,dai_pct
"""adaotel"".""public"".""comores_tel""",Comores Telecom,Comores,KMF,mobile,https://www.comorestelecom.km/portail/offres/mobile/15/,2026-06-15 18:33:44.870739,Data clasique,250,0.14650000000000002,,2,,,,,f,,,,,,Comores,KM,1662.76,2024,866628,2024,1590,2024,75.62,2021,32.52,2024,934198,2023,132.5,0.51,122.68518518518518,,mobile,3.48,0.42
"""adaotel"".""public"".""comores_tel""",Comores Telecom,Comores,KMF,mobile,https://www.comorestelecom.km/portail/offres/mobile/15/,2026-06-15 18:33:44.871534,Data classique,1000,0.6836,,7,,,,,f,,,,,,Comores,KM,1662.76,2024,866628,2024,1590,2024,75.62,2021,32.52,2024,934198,2023,132.5,2.03,122.68518518518518,,mobile,2.97,1.65
"""adaotel"".""public"".""comores_tel""",Comores Telecom,Comores,KMF,mobile,https://www.comorestelecom.km/portail/offres/mobile/15/,2026-06-15 18:33:44.871808,Data classique,5000,10,,30,,,,,f,,,,,,Comores,KM,1662.76,2024,866628,2024,1590,2024,75.62,2021,32.52,2024,934198,2023,132.5,10.16,122.68518518518518,,mobile,1.02,8.28
"""adaotel"".""public"".""comores_tel""",Comores Telecom,Comores,KMF,mobile,https://www.comorestelecom.km/portail/offres/mobile/15/,2026-06-15 18:33:44.872154,HURI FLASH,500,1,,2,,,,,f,,,,,,Comores,KM,1662.76,2024,866628,2024,1590,2024,75.62,2021,32.52,2024,934198,2023,132.5,1.02,122.68518518518518,,mobile,1.02,0.83
"""adaotel"".""public"".""comores_tel""",Comores Telecom,Comores,KMF,mobile,https://www.comorestelecom.km/portail/offres/mobile/15/,2026-06-15 18:33:44.872641,HURI FLASH,1000,2,,3,,,,,f,,,,,,Comores,KM,1662.76,2024,866628,2024,1590,2024,75.62,2021,32.52,2024,934198,2023,132.5,2.03,122.68518518518518,,mobile,1.02,1.65
"""adaotel"".""public"".""comores_tel""",Comores Telecom,Comores,KMF,mobile,https://www.comorestelecom.km/portail/offres/mobile/15/,2026-06-15 18:33:44.872906,HURI INTENSE,10000,20,,30,,,,,f,,,,,,Comores,KM,1662.76,2024,866628,2024,1590,2024,75.62,2021,32.52,2024,934198,2023,132.5,20.33,122.68518518518518,,mobile,1.02,16.57
"""adaotel"".""public"".""comores_tel""",Comores Telecom,Comores,KMF,mobile,https://www.comorestelecom.km/portail/offres/mobile/15/,2026-06-15 18:33:44.873177,HURI INTENSE,35000,70,,30,,,,,f,,,,,,Comores,KM,1662.76,2024,866628,2024,1590,2024,75.62,2021,32.52,2024,934198,2023,132.5,71.14,122.68518518518518,,mobile,1.02,57.99
"""adaotel"".""public"".""comores_tel""",Comores Telecom,Comores,KMF,ligne_speciale,https://www.comorestelecom.km/portail/offres/2/,2026-06-15 18:33:46.011244,LS cuivre 1 MB/S,118250,,1,,25596,350000,,,t,copper,standard,,,,Comores,KM,1662.76,2024,866628,2024,1590,2024,75.62,2021,32.52,2024,934198,2023,132.5,240.36,122.68518518518518,copper,ligne_speciale,,195.92
"""adaotel"".""public"".""comores_tel""",Comores Telecom,Comores,KMF,ligne_speciale,https://www.comorestelecom.km/portail/offres/2/,2026-06-15 18:33:46.011517,LS cuivre 2 Mb/s,225750,,2,,25596,350000,,,t,copper,standard,,,,Comores,KM,1662.76,2024,866628,2024,1590,2024,75.62,2021,32.52,2024,934198,2023,132.5,458.87,122.68518518518518,copper,ligne_speciale,,374.02
"""adaotel"".""public"".""comores_tel""",Comores Telecom,Comores,KMF,ligne_speciale,https://www.comorestelecom.km/portail/offres/2/,2026-06-15 18:33:46.011716,LS cuivre 4 Mb/s,333250,,4,,25596,350000,,,t,copper,standard,,,,Comores,KM,1662.76,2024,866628,2024,1590,2024,75.62,2021,32.52,2024,934198,2023,132.5,677.38,122.68518518518518,copper,ligne_speciale,,552.13
"""adaotel"".""public"".""comores_tel""",Comores Telecom,Comores,KMF,ligne_speciale,https://www.comorestelecom.km/portail/offres/2/,2026-06-15 18:33:46.011893,LS fibre 6 Mb/s,440750,,6,,25596,102325,,,t,fiber,standard,,,,Comores,KM,1662.76,2024,866628,2024,1590,2024,75.62,2021,32.52,2024,934198,2023,132.5,895.89,122.68518518518518,fiber,ligne_speciale,,730.23
"""adaotel"".""public"".""comores_tel""",Comores Telecom,Comores,KMF,ligne_speciale,https://www.comorestelecom.km/portail/offres/2/,2026-06-15 18:33:46.012084,LS fibre 8 Mb/s,548250,,8,,25596,102325,,,t,fiber,standard,,,,Comores,KM,1662.76,2024,866628,2024,1590,2024,75.62,2021,32.52,2024,934198,2023,132.5,1114.40,122.68518518518518,fiber,ligne_speciale,,908.34
"""adaotel"".""public"".""comores_tel""",Comores Telecom,Comores,KMF,ligne_speciale,https://www.comorestelecom.km/portail/offres/2/,2026-06-15 18:33:46.012261,LS fibre 10 Mb/s,655750,,10,,25596,102325,,,t,fiber,standard,,,,Comores,KM,1662.76,2024,866628,2024,1590,2024,75.62,2021,32.52,2024,934198,2023,132.5,1332.91,122.68518518518518,fiber,ligne_speciale,,1086.45
"""adaotel"".""public"".""comores_tel""",Comores Telecom,Comores,KMF,ligne_speciale,https://www.comorestelecom.km/portail/offres/2/,2026-06-15 18:33:46.012432,LS fibre 20 Mb/s,1311500,,20,,25596,102325,,,t,fiber,standard,,,,Comores,KM,1662.76,2024,866628,2024,1590,2024,75.62,2021,32.52,2024,934198,2023,132.5,2665.83,122.68518518518518,fiber,ligne_speciale,,2172.90
"""adaotel"".""public"".""comores_tel""",Comores Telecom,Comores,KMF,ligne_speciale,https://www.comorestelecom.km/portail/offres/2/,2026-06-15 18:33:46.012615,LS URBAIN 1 Mb/s,37625,,1,,25000,350000,,,t,copper,urban,,,,Comores,KM,1662.76,2024,866628,2024,1590,2024,75.62,2021,32.52,2024,934198,2023,132.5,76.48,122.68518518518518,copper,ligne_speciale,,62.34
"""adaotel"".""public"".""comores_tel""",Comores Telecom,Comores,KMF,ligne_speciale,https://www.comorestelecom.km/portail/offres/2/,2026-06-15 18:33:46.012874,LS URBAIN 2 Mb/s,64500,,2,,,,,,t,copper,urban,,,,Comores,KM,1662.76,2024,866628,2024,1590,2024,75.62,2021,32.52,2024,934198,2023,132.5,131.11,122.68518518518518,copper,ligne_speciale,,106.87
"""adaotel"".""public"".""comores_tel""",Comores Telecom,Comores,KMF,ligne_speciale,https://www.comorestelecom.km/portail/offres/2/,2026-06-15 18:33:46.013061,ls inter urbain et Inter ILES 2 Mb/s,107500,,2,,25000,350000,,,t,copper,inter_urban_inter_island,,,,Comores,KM,1662.76,2024,866628,2024,1590,2024,75.62,2021,32.52,2024,934198,2023,132.5,218.51,122.68518518518518,copper,ligne_speciale,,178.11
"""adaotel"".""public"".""comores_tel""",Comores Telecom,Comores,KMF,ligne_speciale,https://www.comorestelecom.km/portail/offres/2/,2026-06-15 18:33:46.013219,LS inter urbain et Inter ILES 4 Mb/s,161500,,4,,,102325,,,t,copper,inter_urban_inter_island,,,,Comores,KM,1662.76,2024,866628,2024,1590,2024,75.62,2021,32.52,2024,934198,2023,132.5,328.27,122.68518518518518,copper,ligne_speciale,,267.57
"""adaotel"".""public"".""comores_tel""",Comores Telecom,Comores,KMF,ligne_speciale,https://www.comorestelecom.km/portail/offres/2/,2026-06-15 18:33:46.01337,LS inter urbain et Inter ILES 6 Mb/s,215000,,6,,,102325,,,t,copper,inter_urban_inter_island,,,,Comores,KM,1662.76,2024,866628,2024,1590,2024,75.62,2021,32.52,2024,934198,2023,132.5,437.02,122.68518518518518,copper,ligne_speciale,,356.21
"""adaotel"".""public"".""comores_tel""",Comores Telecom,Comores,KMF,ligne_speciale,https://www.comorestelecom.km/portail/offres/2/,2026-06-15 18:33:46.013519,LS inter urbain et Inter ILES 8 Mb/s,268750,,8,,,102325,,,t,copper,inter_urban_inter_island,,,,Comores,KM,1662.76,2024,866628,2024,1590,2024,75.62,2021,32.52,2024,934198,2023,132.5,546.28,122.68518518518518,copper,ligne_speciale,,445.27
"""adaotel"".""public"".""comores_tel""",Comores Telecom,Comores,KMF,ligne_speciale,https://www.comorestelecom.km/portail/offres/2/,2026-06-15 18:33:46.013676,LS inter urbain et Inter ILES 10 Mb/s,322500,,10,,,102325,,,t,copper,inter_urban_inter_island,,,,Comores,KM,1662.76,2024,866628,2024,1590,2024,75.62,2021,32.52,2024,934198,2023,132.5,655.53,122.68518518518518,copper,ligne_speciale,,534.32
"""adaotel"".""public"".""comores_tel""",Comores Telecom,Comores,KMF,adsl,https://www.comorestelecom.km/portail/offres/3/,2026-06-15 18:33:47.352337,ADSL - FEDHA,16125,,0.5,,30715,,,,t,copper,,,,,Comores,KM,1662.76,2024,866628,2024,1590,2024,75.62,2021,32.52,2024,934198,2023,132.5,32.78,122.68518518518518,copper,adsl,,26.72
"""adaotel"".""public"".""comores_tel""",Comores Telecom,Comores,KMF,adsl,https://www.comorestelecom.km/portail/offres/3/,2026-06-15 18:33:47.353229,ADSL - DHAHABOU,37625,,1,,30715,,,,t,copper,,,,,Comores,KM,1662.76,2024,866628,2024,1590,2024,75.62,2021,32.52,2024,934198,2023,132.5,76.48,122.68518518518518,copper,adsl,,62.34
"""adaotel"".""public"".""comores_tel""",Comores Telecom,Comores,KMF,adsl,https://www.comorestelecom.km/portail/offres/3/,2026-06-15 18:33:47.353741,ADSL - LOULOU,56437,,2,,30715,,,,t,copper,,,,,Comores,KM,1662.76,2024,866628,2024,1590,2024,75.62,2021,32.52,2024,934198,2023,132.5,114.72,122.68518518518518,copper,adsl,,93.51
"""adaotel"".""public"".""comores_tel""",Comores Telecom,Comores,KMF,adsl,https://www.comorestelecom.km/portail/offres/3/,2026-06-15 18:33:47.354156,ADSL - ALMASSE,94062,,4,,30715,,,,t,copper,,,,,Comores,KM,1662.76,2024,866628,2024,1590,2024,75.62,2021,32.52,2024,934198,2023,132.5,191.20,122.68518518518518,copper,adsl,,155.85
"""adaotel"".""public"".""comores_tel""",Comores Telecom,Comores,KMF,fixed_wireless,https://www.comorestelecom.km/portail/offres/18/,2026-06-15 18:33:48.241386,Nema Net,15000,150,10,30,,,unlimited,,f,wttx_5g,,,,,Comores,KM,1662.76,2024,866628,2024,1590,2024,75.62,2021,32.52,2024,934198,2023,132.5,30.49,122.68518518518518,wttx_5g,fixed_wireless,0.20,24.85
"""adaotel"".""public"".""comores_tel""",Comores Telecom,Comores,KMF,fixed_wireless,https://www.comorestelecom.km/portail/offres/18/,2026-06-15 18:33:48.245349,Nema Net,24000,200,20,30,,,unlimited,150,f,wttx_5g,,,,,Comores,KM,1662.76,2024,866628,2024,1590,2024,75.62,2021,32.52,2024,934198,2023,132.5,48.78,122.68518518518518,wttx_5g,fixed_wireless,0.24,39.76
"""adaotel"".""public"".""comores_yas""",Yas Comores,Comores,KMF,fiber,https://www.yas.km/dagonet/,2026-06-15 18:34:23.274204,Dagonet Fibre,19000,200,10,30,,,,,f,fiber,dagonet,,,,Comores,KM,1662.76,2024,866628,2024,1590,2024,75.62,2021,32.52,2024,934198,2023,132.5,38.62,122.68518518518518,fiber,fiber,0.19,31.48
"""adaotel"".""public"".""comores_yas""",Yas Comores,Comores,KMF,fiber,https://www.yas.km/dagonet/,2026-06-15 18:34:23.274508,Dagonet Fibre Classique,29500,500,25,30,,,,,f,fiber,dagonet,,,,Comores,KM,1662.76,2024,866628,2024,1590,2024,75.62,2021,32.52,2024,934198,2023,132.5,59.96,122.68518518518518,fiber,fiber,0.12,48.87
"""adaotel"".""public"".""comores_yas""",Yas Comores,Comores,KMF,fiber,https://www.yas.km/dagonet/,2026-06-15 18:34:23.274741,Dagonet Fibre Confort,75000,1000,40,30,,,,,f,fiber,dagonet,,,,Comores,KM,1662.76,2024,866628,2024,1590,2024,75.62,2021,32.52,2024,934198,2023,132.5,152.45,122.68518518518518,fiber,fiber,0.15,124.26
"""adaotel"".""public"".""comores_yas""",Yas Comores,Comores,KMF,fiber,https://www.yas.km/dagonet/,2026-06-15 18:34:23.274946,Dagonet,29500,,10,30,,,,,t,fiber,dagonet,,,,Comores,KM,1662.76,2024,866628,2024,1590,2024,75.62,2021,32.52,2024,934198,2023,132.5,59.96,122.68518518518518,fiber,fiber,,48.87
"""adaotel"".""public"".""comores_yas""",Yas Comores,Comores,KMF,fiber,https://www.yas.km/dagonet/,2026-06-15 18:34:23.275175,Dagonet 10 Mbps,19000,200,10,30,,,,,f,fiber,dagonet,,,,Comores,KM,1662.76,2024,866628,2024,1590,2024,75.62,2021,32.52,2024,934198,2023,132.5,38.62,122.68518518518518,fiber,fiber,0.19,31.48
"""adaotel"".""public"".""comores_yas""",YAS Comores,Comores,KMF,fiber,https://www.yas.km/dagonet-fibre/,2026-06-15 18:34:24.258894,Yas Fibre 10Mbps Basic,19000,200,10,30,57000,,,,f,fiber,,,,,Comores,KM,1662.76,2024,866628,2024,1590,2024,75.62,2021,32.52,2024,934198,2023,132.5,38.62,122.68518518518518,fiber,fiber,0.19,31.48
"""adaotel"".""public"".""comores_yas""",YAS Comores,Comores,KMF,fiber,https://www.yas.km/dagonet-fibre/,2026-06-15 18:34:24.25962,Yas Fibre 25 Mbps Classique,30000,500,25,30,90000,,,,f,fiber,,,,,Comores,KM,1662.76,2024,866628,2024,1590,2024,75.62,2021,32.52,2024,934198,2023,132.5,60.98,122.68518518518518,fiber,fiber,0.12,49.70
"""adaotel"".""public"".""comores_yas""",YAS Comores,Comores,KMF,fiber,https://www.yas.km/dagonet-fibre/,2026-06-15 18:34:24.260228,Yas Fibre 40 Mbps Confort,70000,1000,40,30,225000,,,,f,fiber,,,,,Comores,KM,1662.76,2024,866628,2024,1590,2024,75.62,2021,32.52,2024,934198,2023,132.5,142.29,122.68518518518518,fiber,fiber,0.14,115.98
"""adaotel"".""public"".""comores_yas""",YAS Comores,Comores,KMF,fixed_wireless,https://www.yas.km/box-yahangu/,2026-06-15 18:34:25.482416,Net 5000,5000,10,,30,,,,,f,4G+/5G,,,,,Comores,KM,1662.76,2024,866628,2024,1590,2024,75.62,2021,32.52,2024,934198,2023,132.5,10.16,122.68518518518518,4G+/5G,fixed_wireless,1.02,8.28
"""adaotel"".""public"".""comores_yas""",YAS Comores,Comores,KMF,fixed_wireless,https://www.yas.km/box-yahangu/,2026-06-15 18:34:25.482807,Net 10 000,10000,20,,30,,,,,f,4G+/5G,,,,,Comores,KM,1662.76,2024,866628,2024,1590,2024,75.62,2021,32.52,2024,934198,2023,132.5,20.33,122.68518518518518,4G+/5G,fixed_wireless,1.02,16.57
"""adaotel"".""public"".""comores_yas""",YAS Comores,Comores,KMF,fixed_wireless,https://www.yas.km/box-yahangu/,2026-06-15 18:34:25.483367,Net 15 000,15000,30,,30,,,,,f,4G+/5G,,,,,Comores,KM,1662.76,2024,866628,2024,1590,2024,75.62,2021,32.52,2024,934198,2023,132.5,30.49,122.68518518518518,4G+/5G,fixed_wireless,1.02,24.85
"""adaotel"".""public"".""comores_yas""",YAS Comores,Comores,KMF,fixed_wireless,https://www.yas.km/box-yahangu/,2026-06-15 18:34:25.483696,Net 25 000,25000,50,,30,,,,,f,4G+/5G,,,,,Comores,KM,1662.76,2024,866628,2024,1590,2024,75.62,2021,32.52,2024,934198,2023,132.5,50.82,122.68518518518518,4G+/5G,fixed_wireless,1.02,41.42
"""adaotel"".""public"".""comores_yas""",YAS Comores,Comores,KMF,mobile,https://www.yas.km/particulier/mobile-plans/internet/,2026-06-15 18:34:26.925479,Net 250,250,0.244,,1,,,,,f,mobile,jours,,,,Comores,KM,1662.76,2024,866628,2024,1590,2024,75.62,2021,32.52,2024,934198,2023,132.5,0.51,122.68518518518518,mobile,mobile,2.09,0.42
"""adaotel"".""public"".""comores_yas""",YAS Comores,Comores,KMF,mobile,https://www.yas.km/particulier/mobile-plans/internet/,2026-06-15 18:34:26.925841,Net 500,500,1,,1,,,,,f,mobile,jours,,,,Comores,KM,1662.76,2024,866628,2024,1590,2024,75.62,2021,32.52,2024,934198,2023,132.5,1.02,122.68518518518518,mobile,mobile,1.02,0.83
"""adaotel"".""public"".""comores_yas""",YAS Comores,Comores,KMF,mobile,https://www.yas.km/particulier/mobile-plans/internet/,2026-06-15 18:34:26.9261,Net 1000,1000,2,,3,,,,,f,mobile,jours,,,,Comores,KM,1662.76,2024,866628,2024,1590,2024,75.62,2021,32.52,2024,934198,2023,132.5,2.03,122.68518518518518,mobile,mobile,1.02,1.65
"""adaotel"".""public"".""comores_yas""",YAS Comores,Comores,KMF,mobile,https://www.yas.km/particulier/mobile-plans/internet/,2026-06-15 18:34:26.926396,Net 2000,2000,4,,7,,,,,f,mobile,semaine,,,,Comores,KM,1662.76,2024,866628,2024,1590,2024,75.62,2021,32.52,2024,934198,2023,132.5,4.07,122.68518518518518,mobile,mobile,1.02,3.32
"""adaotel"".""public"".""comores_yas""",YAS Comores,Comores,KMF,mobile,https://www.yas.km/particulier/mobile-plans/internet/,2026-06-15 18:34:26.92671,Net 5000,5000,10,,30,,,,,f,mobile,mois,,,,Comores,KM,1662.76,2024,866628,2024,1590,2024,75.62,2021,32.52,2024,934198,2023,132.5,10.16,122.68518518518518,mobile,mobile,1.02,8.28
"""adaotel"".""public"".""comores_yas""",YAS Comores,Comores,KMF,mobile,https://www.yas.km/particulier/mobile-plans/internet/,2026-06-15 18:34:26.926912,Net 10 000,10000,20,,30,,,,,f,mobile,mois,,,,Comores,KM,1662.76,2024,866628,2024,1590,2024,75.62,2021,32.52,2024,934198,2023,132.5,20.33,122.68518518518518,mobile,mobile,1.02,16.57
"""adaotel"".""public"".""comores_yas""",YAS Comores,Comores,KMF,mobile,https://www.yas.km/particulier/mobile-plans/internet/,2026-06-15 18:34:26.927129,Net 15 000,15000,30,,30,,,,,f,mobile,mois,,,,Comores,KM,1662.76,2024,866628,2024,1590,2024,75.62,2021,32.52,2024,934198,2023,132.5,30.49,122.68518518518518,mobile,mobile,1.02,24.85
"""adaotel"".""public"".""comores_yas""",YAS Comores,Comores,KMF,mobile,https://www.yas.km/particulier/mobile-plans/internet/,2026-06-15 18:34:26.927316,Net 25 000,25000,50,,30,,,,,f,mobile,mois,,,,Comores,KM,1662.76,2024,866628,2024,1590,2024,75.62,2021,32.52,2024,934198,2023,132.5,50.82,122.68518518518518,mobile,mobile,1.02,41.42
"""adaotel"".""public"".""mada_yas""",YAS Madagascar,Madagascar,MGA,mobile,https://www.yas.mg/particulier/forfaits-mobiles/internet/,2026-06-15 18:35:07.499889,Net Week 3000,3000,0.7000000000000001,,7,,,,,f,mobile_data,,,,,Madagascar,MG,544.99,2024,31964956,2024,510,2024,74.69,2021,18.68,2024,23539295,2023,42.5,0.60,39.35185185185185,mobile,mobile,0.86,1.52
"""adaotel"".""public"".""mada_yas""",YAS Madagascar,Madagascar,MGA,mobile,https://www.yas.mg/particulier/forfaits-mobiles/internet/,2026-06-15 18:35:07.500444,Net Week 5000,5000,1.2,,7,,,,,f,mobile_data,,,,,Madagascar,MG,544.99,2024,31964956,2024,510,2024,74.69,2021,18.68,2024,23539295,2023,42.5,1.00,39.35185185185185,mobile,mobile,0.83,2.54
"""adaotel"".""public"".""mada_yas""",YAS Madagascar,Madagascar,MGA,mobile,https://www.yas.mg/particulier/forfaits-mobiles/internet/,2026-06-15 18:35:07.500835,Net Week 10000,10000,3,,7,,,,,f,mobile_data,,,,,Madagascar,MG,544.99,2024,31964956,2024,510,2024,74.69,2021,18.68,2024,23539295,2023,42.5,2.00,39.35185185185185,mobile,mobile,0.67,5.08
"""adaotel"".""public"".""mada_yas""",YAS Madagascar,Madagascar,MGA,mobile,https://www.yas.mg/particulier/forfaits-mobiles/internet/,2026-06-15 18:35:07.501198,Net Month 15000,15000,2.5,,30,,,,,f,mobile_data,,,,,Madagascar,MG,544.99,2024,31964956,2024,510,2024,74.69,2021,18.68,2024,23539295,2023,42.5,3.00,39.35185185185185,mobile,mobile,1.20,7.62
"""adaotel"".""public"".""mada_yas""",YAS Madagascar,Madagascar,MGA,mobile,https://www.yas.mg/particulier/forfaits-mobiles/internet/,2026-06-15 18:35:07.501531,Net Month 25000,25000,4.5,,30,,,,,f,mobile_data,,,,,Madagascar,MG,544.99,2024,31964956,2024,510,2024,74.69,2021,18.68,2024,23539295,2023,42.5,5.00,39.35185185185185,mobile,mobile,1.11,12.71
"""adaotel"".""public"".""mada_yas""",YAS Madagascar,Madagascar,MGA,mobile,https://www.yas.mg/particulier/forfaits-mobiles/internet/,2026-06-15 18:35:07.501835,Net Month 75000,75000,15,,30,,,,,f,mobile_data,,,,,Madagascar,MG,544.99,2024,31964956,2024,510,2024,74.69,2021,18.68,2024,23539295,2023,42.5,15.00,39.35185185185185,mobile,mobile,1.00,38.12
"""adaotel"".""public"".""mada_yas""",YAS Madagascar,Madagascar,MGA,mobile,https://www.yas.mg/particulier/forfaits-mobiles/internet/,2026-06-15 18:35:07.50214,Net Month 125000,125000,29,,30,,,,,f,mobile_data,,,,,Madagascar,MG,544.99,2024,31964956,2024,510,2024,74.69,2021,18.68,2024,23539295,2023,42.5,25.00,39.35185185185185,mobile,mobile,0.86,63.53
"""adaotel"".""public"".""mada_yas""",YAS Madagascar,Madagascar,MGA,mobile,https://www.yas.mg/particulier/forfaits-mobiles/internet/,2026-06-15 18:35:07.502412,Net Month 175000,175000,58,,30,,,,,f,mobile_data,,,,,Madagascar,MG,544.99,2024,31964956,2024,510,2024,74.69,2021,18.68,2024,23539295,2023,42.5,35.00,39.35185185185185,mobile,mobile,0.60,88.94
"""adaotel"".""public"".""mada_yas""",YAS Madagascar,Madagascar,MGA,mobile,https://www.yas.mg/particulier/forfaits-mobiles/internet/,2026-06-15 18:35:07.502676,Net Month 200000,200000,100,,30,,,,,f,mobile_data,,,,,Madagascar,MG,544.99,2024,31964956,2024,510,2024,74.69,2021,18.68,2024,23539295,2023,42.5,40.00,39.35185185185185,mobile,mobile,0.40,101.65
"""adaotel"".""public"".""mada_yas""",YAS Madagascar,Madagascar,MGA,fiber,https://www.yas.mg/particulier/internet-fixe/fibre/,2026-06-15 18:35:08.727906,Fibre IN,49000,100,,30,,,60,,f,fiber,ftth,,0,,Madagascar,MG,544.99,2024,31964956,2024,510,2024,74.69,2021,18.68,2024,23539295,2023,42.5,9.80,39.35185185185185,fiber,fiber,0.10,24.90
"""adaotel"".""public"".""mada_yas""",YAS Madagascar,Madagascar,MGA,fiber,https://www.yas.mg/particulier/internet-fixe/fibre/,2026-06-15 18:35:08.728746,Fibre Go,99000,250,,30,,,90,,f,fiber,ftth,,0,,Madagascar,MG,544.99,2024,31964956,2024,510,2024,74.69,2021,18.68,2024,23539295,2023,42.5,19.80,39.35185185185185,fiber,fiber,0.08,50.32
"""adaotel"".""public"".""mada_yas""",YAS Madagascar,Madagascar,MGA,fiber,https://www.yas.mg/particulier/internet-fixe/fibre/,2026-06-15 18:35:08.729206,Fibre Family,149000,500,,30,,,120,,f,fiber,ftth,,0,,Madagascar,MG,544.99,2024,31964956,2024,510,2024,74.69,2021,18.68,2024,23539295,2023,42.5,29.80,39.35185185185185,fiber,fiber,0.06,75.73
"""adaotel"".""public"".""mada_yas""",YAS Madagascar,Madagascar,MGA,fiber,https://www.yas.mg/particulier/internet-fixe/fibre/,2026-06-15 18:35:08.729611,Fibre Home,249000,15000,,30,,,180,,f,fiber,ftth,,0,,Madagascar,MG,544.99,2024,31964956,2024,510,2024,74.69,2021,18.68,2024,23539295,2023,42.5,49.80,39.35185185185185,fiber,fiber,0.00,126.55
"""adaotel"".""public"".""myt_mau""",MY.T Mauritius,Mauritius,Rs,mobile,https://www.myt.mu/mobile/prepaid-mobile-data,2026-06-17 17:37:21.759653,1-HOUR,5,,,1,,,,,t,mobile,H,,,,Mauritius,MU,11990.78,2024,1245779,2024,12970,2024,94.29,2023,73.31,2024,2195100,2024,1080.83,0.10,1000.7685185185184,mobile,mobile,,0.01
"""adaotel"".""public"".""myt_mau""",MY.T Mauritius,Mauritius,Rs,mobile,https://www.myt.mu/mobile/prepaid-mobile-data,2026-06-17 17:37:21.760279,DAILY,15,7,,24,,,,,f,mobile,D,,,,Mauritius,MU,11990.78,2024,1245779,2024,12970,2024,94.29,2023,73.31,2024,2195100,2024,1080.83,0.30,1000.7685185185184,mobile,mobile,0.04,0.03
"""adaotel"".""public"".""myt_mau""",MY.T Mauritius,Mauritius,Rs,mobile,https://www.myt.mu/mobile/prepaid-mobile-data,2026-06-17 17:37:21.760606,WEEKEND,28,20,,2,,,,,f,mobile,2D,,,,Mauritius,MU,11990.78,2024,1245779,2024,12970,2024,94.29,2023,73.31,2024,2195100,2024,1080.83,0.56,1000.7685185185184,mobile,mobile,0.03,0.06
"""adaotel"".""public"".""myt_mau""",MY.T Mauritius,Mauritius,Rs,mobile,https://www.myt.mu/mobile/prepaid-mobile-data,2026-06-17 17:37:21.760906,WEEKLY,95,35,,7,,,,,f,mobile,W,,,,Mauritius,MU,11990.78,2024,1245779,2024,12970,2024,94.29,2023,73.31,2024,2195100,2024,1080.83,1.90,1000.7685185185184,mobile,mobile,0.05,0.19
"""adaotel"".""public"".""myt_mau""",MY.T Mauritius,Mauritius,Rs,mobile,https://www.myt.mu/mobile/prepaid-mobile-data,2026-06-17 17:37:21.761166,MONTHLY,315,200,,30,,,,,f,mobile,M,,,,Mauritius,MU,11990.78,2024,1245779,2024,12970,2024,94.29,2023,73.31,2024,2195100,2024,1080.83,6.30,1000.7685185185184,mobile,mobile,0.03,0.63
"""adaotel"".""public"".""myt_mau""",MY.T Mauritius,Mauritius,Rs,mobile,https://www.myt.mu/mobile/prepaid-mobile-data,2026-06-17 17:37:21.761405,3-MONTH,815,1024,,90,,,,,f,mobile,3M,,,,Mauritius,MU,11990.78,2024,1245779,2024,12970,2024,94.29,2023,73.31,2024,2195100,2024,1080.83,16.30,1000.7685185185184,mobile,mobile,0.02,1.63
"""adaotel"".""public"".""myt_mau""",my.t,Mauritius,Rs,fixed_wireless,https://www.myt.mu/mobile/myt-everywhere/,2026-06-17 17:37:22.14087,C-Box 1TB,750,1000,,30,,,,,f,4G/5G,cbox,,,,Mauritius,MU,11990.78,2024,1245779,2024,12970,2024,94.29,2023,73.31,2024,2195100,2024,1080.83,15.00,1000.7685185185184,4G/5G,fixed_wireless,0.02,1.50
"""adaotel"".""public"".""myt_mau""",my.t,Mauritius,Rs,fixed_wireless,https://www.myt.mu/mobile/myt-everywhere/,2026-06-17 17:37:22.140925,C-Box 300GB,400,300,,30,,,,,f,4G/5G,cbox,,,,Mauritius,MU,11990.78,2024,1245779,2024,12970,2024,94.29,2023,73.31,2024,2195100,2024,1080.83,8.00,1000.7685185185184,4G/5G,fixed_wireless,0.03,0.80
"""adaotel"".""public"".""myt_mau""",my.t,Mauritius,Rs,fixed_wireless,https://www.myt.mu/mobile/myt-everywhere/,2026-06-17 17:37:22.140947,C-Box 15GB,100,15,,30,,,,,f,4G/5G,cbox,,,,Mauritius,MU,11990.78,2024,1245779,2024,12970,2024,94.29,2023,73.31,2024,2195100,2024,1080.83,2.00,1000.7685185185184,4G/5G,fixed_wireless,0.13,0.20
"""adaotel"".""public"".""myt_mau""",MY.T Mauritius,Mauritius,Rs,fibre,https://www.myt.mu/home/internet-and-tv/broadbandonly,2026-06-17 17:37:23.155271,50Mbps,1100,1000,50,30,,,,,f,fibre,,,,,Mauritius,MU,11990.78,2024,1245779,2024,12970,2024,94.29,2023,73.31,2024,2195100,2024,1080.83,22.00,1000.7685185185184,fibre,fibre,0.02,2.20
"""adaotel"".""public"".""myt_mau""",MY.T Mauritius,Mauritius,Rs,fibre,https://www.myt.mu/home/internet-and-tv/broadbandonly,2026-06-17 17:37:23.157736,100Mbps,1200,2000,100,30,,,,,f,fibre,,,,,Mauritius,MU,11990.78,2024,1245779,2024,12970,2024,94.29,2023,73.31,2024,2195100,2024,1080.83,24.00,1000.7685185185184,fibre,fibre,0.01,2.40
"""adaotel"".""public"".""myt_mau""",MY.T Mauritius,Mauritius,Rs,fibre,https://www.myt.mu/home/internet-and-tv/broadbandonly,2026-06-17 17:37:23.158006,200Mbps,1700,4000,200,30,,,,,f,fibre,,,,,Mauritius,MU,11990.78,2024,1245779,2024,12970,2024,94.29,2023,73.31,2024,2195100,2024,1080.83,34.00,1000.7685185185184,fibre,fibre,0.01,3.40
"""adaotel"".""public"".""myt_mau""",MY.T Mauritius,Mauritius,Rs,fibre,https://www.myt.mu/home/internet-and-tv/broadbandonly,2026-06-17 17:37:23.158236,300Mbps,2200,6000,300,30,,,,,f,fibre,,,,,Mauritius,MU,11990.78,2024,1245779,2024,12970,2024,94.29,2023,73.31,2024,2195100,2024,1080.83,44.00,1000.7685185185184,fibre,fibre,0.01,4.40
"""adaotel"".""public"".""myt_mau""",MY.T Mauritius,Mauritius,Rs,fibre,https://www.myt.mu/home/internet-and-tv/broadbandonly,2026-06-17 17:37:23.158452,500Mbps,3500,10000,500,30,,,,,f,fibre,,,,,Mauritius,MU,11990.78,2024,1245779,2024,12970,2024,94.29,2023,73.31,2024,2195100,2024,1080.83,70.00,1000.7685185185184,fibre,fibre,0.01,6.99
"""adaotel"".""public"".""myt_mau""",MY.T Mauritius,Mauritius,Rs,fibre,https://www.myt.mu/home/internet-and-tv/broadbandonly,2026-06-17 17:37:23.158665,1Gbps,4700,15000,1,30,,,,,f,fibre,,,,,Mauritius,MU,11990.78,2024,1245779,2024,12970,2024,94.29,2023,73.31,2024,2195100,2024,1080.83,94.00,1000.7685185185184,fibre,fibre,0.01,9.39
"""adaotel"".""public"".""myt_mau""",MY.T Mauritius,Mauritius,Rs,fibre,https://www.myt.mu/home/internet-and-tv/broadbandonly,2026-06-17 17:37:23.158888,10M DISCOVERY,499,60,10,30,,,,,f,fibre,,,,,Mauritius,MU,11990.78,2024,1245779,2024,12970,2024,94.29,2023,73.31,2024,2195100,2024,1080.83,9.98,1000.7685185185184,fibre,fibre,0.17,1.00
"""adaotel"".""public"".""myt_mau""",MY.T Mauritius,Mauritius,Rs,fibre,https://www.myt.mu/home/internet-and-tv/broadbandonly,2026-06-17 17:37:23.159104,10M,799,300,10,30,,,,,f,fibre,,,,,Mauritius,MU,11990.78,2024,1245779,2024,12970,2024,94.29,2023,73.31,2024,2195100,2024,1080.83,15.98,1000.7685185185184,fibre,fibre,0.05,1.60
"""adaotel"".""public"".""sen_yas""",YAS Senegal,Senegal,XOF,mobile,https://www.yas.sn/particulier/mobile-plans/internet/,2026-06-15 18:32:27.550104,PASS 100 Mo,100,0.1,,1,,,,,f,mobile_data,,,,,Senegal,SN,1773.22,2024,18501984,2024,1680,2024,50.36,2023,60.12,2024,22922932,2024,140,0.15,129.62962962962962,mobile,mobile,1.50,0.12
"""adaotel"".""public"".""sen_yas""",YAS Senegal,Senegal,XOF,mobile,https://www.yas.sn/particulier/mobile-plans/internet/,2026-06-15 18:32:27.550488,Pass 400 Mo,200,0.4,,1,,,,,f,mobile_data,,,,,Senegal,SN,1773.22,2024,18501984,2024,1680,2024,50.36,2023,60.12,2024,22922932,2024,140,0.30,129.62962962962962,mobile,mobile,0.75,0.23
"""adaotel"".""public"".""sen_yas""",YAS Senegal,Senegal,XOF,mobile,https://www.yas.sn/particulier/mobile-plans/internet/,2026-06-15 18:32:27.550704,Pass 2 Go,500,2,,1,,,,,f,mobile_data,,,,,Senegal,SN,1773.22,2024,18501984,2024,1680,2024,50.36,2023,60.12,2024,22922932,2024,140,0.76,129.62962962962962,mobile,mobile,0.38,0.59
"""adaotel"".""public"".""sen_yas""",YAS Senegal,Senegal,XOF,mobile,https://www.yas.sn/particulier/mobile-plans/internet/,2026-06-15 18:32:27.550896,Pass 5 Go,1000,5,,1,,,,,f,mobile_data,,,,,Senegal,SN,1773.22,2024,18501984,2024,1680,2024,50.36,2023,60.12,2024,22922932,2024,140,1.52,129.62962962962962,mobile,mobile,0.30,1.17
"""adaotel"".""public"".""sen_yas""",YAS Senegal,Senegal,XOF,mobile,https://www.yas.sn/particulier/mobile-plans/internet/,2026-06-15 18:32:27.551087,PASS 600 Mo,500,0.6000000000000001,,7,,,,,f,mobile_data,,,,,Senegal,SN,1773.22,2024,18501984,2024,1680,2024,50.36,2023,60.12,2024,22922932,2024,140,0.76,129.62962962962962,mobile,mobile,1.27,0.59
"""adaotel"".""public"".""sen_yas""",YAS Senegal,Senegal,XOF,mobile,https://www.yas.sn/particulier/mobile-plans/internet/,2026-06-15 18:32:27.551269,"Pass 2,5 Go",1000,2.5,,7,,,,,f,mobile_data,,,,,Senegal,SN,1773.22,2024,18501984,2024,1680,2024,50.36,2023,60.12,2024,22922932,2024,140,1.52,129.62962962962962,mobile,mobile,0.61,1.17
"""adaotel"".""public"".""sen_yas""",YAS Senegal,Senegal,XOF,mobile,https://www.yas.sn/particulier/mobile-plans/internet/,2026-06-15 18:32:27.551438,Pass 4 Go,1500,4,,7,,,,,f,mobile_data,,,,,Senegal,SN,1773.22,2024,18501984,2024,1680,2024,50.36,2023,60.12,2024,22922932,2024,140,2.29,129.62962962962962,mobile,mobile,0.57,1.77
"""adaotel"".""public"".""sen_yas""",YAS Senegal,Senegal,XOF,mobile,https://www.yas.sn/particulier/mobile-plans/internet/,2026-06-15 18:32:27.551611,Pass 9 Go,2000,9,,7,,,,,f,mobile_data,,,,,Senegal,SN,1773.22,2024,18501984,2024,1680,2024,50.36,2023,60.12,2024,22922932,2024,140,3.05,129.62962962962962,mobile,mobile,0.34,2.35
"""adaotel"".""public"".""sen_yas""",YAS Senegal,Senegal,XOF,mobile,https://www.yas.sn/particulier/mobile-plans/internet/,2026-06-15 18:32:27.551792,PASS 7 Go,2000,7,,30,,,,,f,mobile_data,,,,,Senegal,SN,1773.22,2024,18501984,2024,1680,2024,50.36,2023,60.12,2024,22922932,2024,140,3.05,129.62962962962962,mobile,mobile,0.44,2.35
"""adaotel"".""public"".""sen_yas""",YAS Senegal,Senegal,XOF,mobile,https://www.yas.sn/particulier/mobile-plans/internet/,2026-06-15 18:32:27.551987,Pass 12.5 Go,5000,12.5,,30,,,,,f,mobile_data,,,,,Senegal,SN,1773.22,2024,18501984,2024,1680,2024,50.36,2023,60.12,2024,22922932,2024,140,7.62,129.62962962962962,mobile,mobile,0.61,5.88
"""adaotel"".""public"".""sen_yas""",YAS Senegal,Senegal,XOF,mobile,https://www.yas.sn/particulier/mobile-plans/internet/,2026-06-15 18:32:27.552192,Pass 40 Go,10000,40,,30,,,,,f,mobile_data,,,,,Senegal,SN,1773.22,2024,18501984,2024,1680,2024,50.36,2023,60.12,2024,22922932,2024,140,15.24,129.62962962962962,mobile,mobile,0.38,11.76
"""adaotel"".""public"".""sen_yas""",YAS Senegal,Senegal,XOF,mobile,https://www.yas.sn/particulier/mobile-plans/internet/,2026-06-15 18:32:27.552377,Pass 65 Go,15000,65,,30,,,,,f,mobile_data,,,,,Senegal,SN,1773.22,2024,18501984,2024,1680,2024,50.36,2023,60.12,2024,22922932,2024,140,22.87,129.62962962962962,mobile,mobile,0.35,17.64
"""adaotel"".""public"".""sen_yas""",YAS Senegal,Senegal,XOF,fiber,https://www.yas.sn/particulier/home-plans/,2026-06-15 18:32:29.116418,SUNU Fibre 40 Mbps,14900,,40,30,,,,180,t,fiber,ftth,,10000,,Senegal,SN,1773.22,2024,18501984,2024,1680,2024,50.36,2023,60.12,2024,22922932,2024,140,22.71,129.62962962962962,fiber,fiber,,17.52
"""adaotel"".""public"".""sen_yas""",YAS Senegal,Senegal,XOF,fiber,https://www.yas.sn/particulier/home-plans/,2026-06-15 18:32:29.116753,SUNU Fibre 150 Mbps,22900,,150,30,,,,180,t,fiber,ftth,,10000,,Senegal,SN,1773.22,2024,18501984,2024,1680,2024,50.36,2023,60.12,2024,22922932,2024,140,34.91,129.62962962962962,fiber,fiber,,26.93
"""adaotel"".""public"".""sen_yas""",YAS Senegal,Senegal,XOF,fiber,https://www.yas.sn/particulier/home-plans/,2026-06-15 18:32:29.11705,SUNU Fibre 300 Mbps,26900,,300,30,,,,180,t,fiber,ftth,,10000,,Senegal,SN,1773.22,2024,18501984,2024,1680,2024,50.36,2023,60.12,2024,22922932,2024,140,41.01,129.62962962962962,fiber,fiber,,31.64
"""adaotel"".""public"".""sen_yas""",YAS Senegal,Senegal,XOF,fiber_pro,https://www.yas.sn/particulier/home-plans/,2026-06-15 18:32:29.117328,Fibre Pro 60 Mbps,19000,,60,30,,,,180,t,fiber,ftth,,10000,,Senegal,SN,1773.22,2024,18501984,2024,1680,2024,50.36,2023,60.12,2024,22922932,2024,140,28.97,129.62962962962962,fiber,fiber,,22.35
"""adaotel"".""public"".""sen_yas""",YAS Senegal,Senegal,XOF,fiber_pro,https://www.yas.sn/particulier/home-plans/,2026-06-15 18:32:29.117595,Fibre Pro 240 Mbps,50000,,240,30,,,,180,t,fiber,ftth,,10000,,Senegal,SN,1773.22,2024,18501984,2024,1680,2024,50.36,2023,60.12,2024,22922932,2024,140,76.22,129.62962962962962,fiber,fiber,,58.80
"""adaotel"".""public"".""tanza_yas""",YAS Tanzania,Tanzania,TZS,fiber,https://yas.co.tz/fiber-home/,2026-06-15 18:35:48.715911,Fiber Start,48000,,20,30,,,,,t,fiber,ftth,,,,Tanzania,TZ,1186.72,2024,68560157,2024,1210,2024,78.21,2022,31.16,2024,86769161,2024,100.83,16.00,93.3611111111111,fiber,fiber,,17.14
"""adaotel"".""public"".""tanza_yas""",YAS Tanzania,Tanzania,TZS,fiber,https://yas.co.tz/fiber-home/,2026-06-15 18:35:48.716262,Shira,70000,,30,30,,,,,t,fiber,ftth,,,,Tanzania,TZ,1186.72,2024,68560157,2024,1210,2024,78.21,2022,31.16,2024,86769161,2024,100.83,23.33,93.3611111111111,fiber,fiber,,24.99
"""adaotel"".""public"".""tanza_yas""",YAS Tanzania,Tanzania,TZS,fiber,https://yas.co.tz/fiber-home/,2026-06-15 18:35:48.716472,Mawenzi,100000,,40,30,,,,,t,fiber,ftth,,,,Tanzania,TZ,1186.72,2024,68560157,2024,1210,2024,78.21,2022,31.16,2024,86769161,2024,100.83,33.33,93.3611111111111,fiber,fiber,,35.70
"""adaotel"".""public"".""tanza_yas""",YAS Tanzania,Tanzania,TZS,fiber,https://yas.co.tz/fiber-home/,2026-06-15 18:35:48.71666,Kibo,150000,,60,30,,,,,t,fiber,ftth,,,,Tanzania,TZ,1186.72,2024,68560157,2024,1210,2024,78.21,2022,31.16,2024,86769161,2024,100.83,50.00,93.3611111111111,fiber,fiber,,53.56
"""adaotel"".""public"".""tanza_yas""",YAS Tanzania,Tanzania,TZS,fiber,https://yas.co.tz/fiber-home/,2026-06-15 18:35:48.716842,Uhuru Peak,200000,,100,30,,,,,t,fiber,ftth,,,,Tanzania,TZ,1186.72,2024,68560157,2024,1210,2024,78.21,2022,31.16,2024,86769161,2024,100.83,66.67,93.3611111111111,fiber,fiber,,71.41
"""adaotel"".""public"".""tanza_yas""",YAS Tanzania,Tanzania,TZS,mobile,https://yas.co.tz/consumer/mobile-plans/internet/,2026-06-15 18:35:49.299823,Data pack 246 MB,500,0.24,,1,,,,,f,mobile_data,,,,,Tanzania,TZ,1186.72,2024,68560157,2024,1210,2024,78.21,2022,31.16,2024,86769161,2024,100.83,0.17,93.3611111111111,mobile,mobile,0.71,0.18
"""adaotel"".""public"".""tanza_yas""",YAS Tanzania,Tanzania,TZS,mobile,https://yas.co.tz/consumer/mobile-plans/internet/,2026-06-15 18:35:49.299979,Data pack 492 MB,1000,0.48,,1,,,,,f,mobile_data,,,,,Tanzania,TZ,1186.72,2024,68560157,2024,1210,2024,78.21,2022,31.16,2024,86769161,2024,100.83,0.33,93.3611111111111,mobile,mobile,0.69,0.35
"""adaotel"".""public"".""tanza_yas""",YAS Tanzania,Tanzania,TZS,mobile,https://yas.co.tz/consumer/mobile-plans/internet/,2026-06-15 18:35:49.300148,Data pack 985 MB,2000,0.96,,7,,,,,f,mobile_data,,,,,Tanzania,TZ,1186.72,2024,68560157,2024,1210,2024,78.21,2022,31.16,2024,86769161,2024,100.83,0.67,93.3611111111111,mobile,mobile,0.70,0.72
"""adaotel"".""public"".""tanza_yas""",YAS Tanzania,Tanzania,TZS,mobile,https://yas.co.tz/consumer/mobile-plans/internet/,2026-06-15 18:35:49.300262,Data pack 1GB,2100,1,,7,,,,,f,mobile_data,,,,,Tanzania,TZ,1186.72,2024,68560157,2024,1210,2024,78.21,2022,31.16,2024,86769161,2024,100.83,0.70,93.3611111111111,mobile,mobile,0.70,0.75
"""adaotel"".""public"".""tanza_yas""",YAS Tanzania,Tanzania,TZS,mobile,https://yas.co.tz/consumer/mobile-plans/internet/,2026-06-15 18:35:49.300357,Data pack 1.4 GB,3000,1.4,,7,,,,,f,mobile_data,,,,,Tanzania,TZ,1186.72,2024,68560157,2024,1210,2024,78.21,2022,31.16,2024,86769161,2024,100.83,1.00,93.3611111111111,mobile,mobile,0.71,1.07
"""adaotel"".""public"".""tanza_yas""",YAS Tanzania,Tanzania,TZS,mobile,https://yas.co.tz/consumer/mobile-plans/internet/,2026-06-15 18:35:49.300455,Data pack 2.4 GB,5000,2.4,,7,,,,,f,mobile_data,,,,,Tanzania,TZ,1186.72,2024,68560157,2024,1210,2024,78.21,2022,31.16,2024,86769161,2024,100.83,1.67,93.3611111111111,mobile,mobile,0.70,1.79
"""adaotel"".""public"".""tanza_yas""",YAS Tanzania,Tanzania,TZS,mobile,https://yas.co.tz/consumer/mobile-plans/internet/,2026-06-15 18:35:49.300552,Data pack 4.8 GB,10000,4.8,,7,,,,,f,mobile_data,,,,,Tanzania,TZ,1186.72,2024,68560157,2024,1210,2024,78.21,2022,31.16,2024,86769161,2024,100.83,3.33,93.3611111111111,mobile,mobile,0.69,3.57
"""adaotel"".""public"".""tanza_yas""",YAS Tanzania,Tanzania,TZS,mobile,https://yas.co.tz/consumer/mobile-plans/internet/,2026-06-15 18:35:49.30065,Data pack 7.2 GB,15000,7.2,,7,,,,,f,mobile_data,,,,,Tanzania,TZ,1186.72,2024,68560157,2024,1210,2024,78.21,2022,31.16,2024,86769161,2024,100.83,5.00,93.3611111111111,mobile,mobile,0.69,5.36
"""adaotel"".""public"".""tanza_yas""",YAS Tanzania,Tanzania,TZS,mobile,https://yas.co.tz/consumer/mobile-plans/internet/,2026-06-15 18:35:49.300746,Data pack 4.8 GB,10000,4.8,,30,,,,,f,mobile_data,,,,,Tanzania,TZ,1186.72,2024,68560157,2024,1210,2024,78.21,2022,31.16,2024,86769161,2024,100.83,3.33,93.3611111111111,mobile,mobile,0.69,3.57
"""adaotel"".""public"".""tanza_yas""",YAS Tanzania,Tanzania,TZS,mobile,https://yas.co.tz/consumer/mobile-plans/internet/,2026-06-15 18:35:49.300842,Data pack 9.6 GB,20000,9.6,,30,,,,,f,mobile_data,,,,,Tanzania,TZ,1186.72,2024,68560157,2024,1210,2024,78.21,2022,31.16,2024,86769161,2024,100.83,6.67,93.3611111111111,mobile,mobile,0.69,7.14
"""adaotel"".""public"".""tanza_yas""",YAS Tanzania,Tanzania,TZS,mobile,https://yas.co.tz/consumer/mobile-plans/internet/,2026-06-15 18:35:49.300942,Data pack 16 GB,35000,16,,30,,,,,f,mobile_data,,,,,Tanzania,TZ,1186.72,2024,68560157,2024,1210,2024,78.21,2022,31.16,2024,86769161,2024,100.83,11.67,93.3611111111111,mobile,mobile,0.73,12.50
"""adaotel"".""public"".""tanza_yas""",YAS Tanzania,Tanzania,TZS,mobile,https://yas.co.tz/consumer/mobile-plans/internet/,2026-06-15 18:35:49.301053,Data pack 24 GB,50000,24,,60,,,,,f,mobile_data,,,,,Tanzania,TZ,1186.72,2024,68560157,2024,1210,2024,78.21,2022,31.16,2024,86769161,2024,100.83,16.67,93.3611111111111,mobile,mobile,0.69,17.86
"""adaotel"".""public"".""tanza_yas""",YAS Tanzania,Tanzania,TZS,mobile,https://yas.co.tz/consumer/mobile-plans/internet/,2026-06-15 18:35:49.301224,Halichachi,1000,,,180,,,,,f,mobile_data,,,,,Tanzania,TZ,1186.72,2024,68560157,2024,1210,2024,78.21,2022,31.16,2024,86769161,2024,100.83,0.33,93.3611111111111,mobile,mobile,,0.35
"""adaotel"".""public"".""tanza_yas""",YAS Tanzania,Tanzania,TZS,home_5g,https://yas.co.tz/consumer/home-plans/5g-home-plan/,2026-06-15 18:35:50.690679,10 Mbps package,70000,,10,,,,,,t,5g,home_5g,,,,Tanzania,TZ,1186.72,2024,68560157,2024,1210,2024,78.21,2022,31.16,2024,86769161,2024,100.83,23.33,93.3611111111111,5g,fixed_wireless,,24.99
"""adaotel"".""public"".""tanza_yas""",YAS Tanzania,Tanzania,TZS,home_5g,https://yas.co.tz/consumer/home-plans/5g-home-plan/,2026-06-15 18:35:50.69093,20 Mbps package,100000,,20,,,,,,t,5g,home_5g,,,,Tanzania,TZ,1186.72,2024,68560157,2024,1210,2024,78.21,2022,31.16,2024,86769161,2024,100.83,33.33,93.3611111111111,5g,fixed_wireless,,35.70
"""adaotel"".""public"".""tanza_yas""",YAS Tanzania,Tanzania,TZS,home_5g,https://yas.co.tz/consumer/home-plans/5g-home-plan/,2026-06-15 18:35:50.691053,50 Mbps package,150000,,50,,,,,,t,5g,home_5g,,,,Tanzania,TZ,1186.72,2024,68560157,2024,1210,2024,78.21,2022,31.16,2024,86769161,2024,100.83,50.00,93.3611111111111,5g,fixed_wireless,,53.56
"""adaotel"".""public"".""tanza_yas""",YAS Tanzania,Tanzania,TZS,home_5g,https://yas.co.tz/consumer/home-plans/5g-home-plan/,2026-06-15 18:35:50.691147,100 Mbps package,200000,,100,,,,,,t,5g,home_5g,,,,Tanzania,TZ,1186.72,2024,68560157,2024,1210,2024,78.21,2022,31.16,2024,86769161,2024,100.83,66.67,93.3611111111111,5g,fixed_wireless,,71.41
